Kernel,Accuracy,Solving Time,Precision_Class_0,Recall_Class_0,F1_Class_0,Precision_Class_1,Recall_Class_1,F1_Class_1
rbf,0.9417989417989417,0.2928130626678467,0.9368421052631579,0.9468085106382979,0.9417989417989417,0.9468085106382979,0.9368421052631579,0.9417989417989417
sigmoid,0.12698412698412698,0.6447906494140625,0.12631578947368421,0.1276595744680851,0.12698412698412698,0.1276595744680851,0.12631578947368421,0.12698412698412698
