Kernel,Accuracy_mean,Accuracy_std,Precision_Class_0_mean,Precision_Class_0_std,Recall_Class_0_mean,Recall_Class_0_std,F1_Class_0_mean,F1_Class_0_std,Precision_Class_1_mean,Precision_Class_1_std,Recall_Class_1_mean,Recall_Class_1_std,F1_Class_1_mean,F1_Class_1_std,Solving Time_mean,Solving Time_std
rbf,0.959429016949193,0.010071982560448632,0.9629387498705354,0.010622302833188716,0.996149747335585,0.004150090912367354,0.9792258923454803,0.005256117257230705,0.3261904761904762,0.40562466407110487,0.056303418803418805,0.06769998283778508,0.08966560010038269,0.10190705196425835,0.5499250411987304,0.024901459631915784
sigmoid,0.9562431749794186,0.010487534222040155,0.9610820990201292,0.010505811092852868,0.9947621408430903,0.004196915406165479,0.977598648205445,0.0054924853305170565,0.02,0.0632455532033676,0.00625,0.01976423537605237,0.009523809523809521,0.03011693009684169,0.29279677867889403,0.040620426068051815
