Kernel,Accuracy,Solving Time,Precision_Class_0,Recall_Class_0,F1_Class_0,Precision_Class_1,Recall_Class_1,F1_Class_1
rbf,0.9575596816976127,0.54376220703125,0.9573333333333334,1.0,0.9782016348773842,1.0,0.1111111111111111,0.2
sigmoid,0.9522546419098143,0.26333093643188477,0.9522546419098143,1.0,0.9755434782608695,0.0,0.0,0.0
