Kernel,Accuracy,Solving Time,Precision_Class_0,Recall_Class_0,F1_Class_0,Precision_Class_1,Recall_Class_1,F1_Class_1
rbf,0.9259259259259259,0.2916269302368164,0.9347826086956522,0.9148936170212766,0.9247311827956989,0.9175257731958762,0.9368421052631579,0.9270833333333334
sigmoid,0.13227513227513227,0.6530876159667969,0.15,0.1595744680851064,0.15463917525773196,0.11235955056179775,0.10526315789473684,0.10869565217391304
