Kernel,Accuracy,Solving Time,Precision_Class_0,Recall_Class_0,F1_Class_0,Precision_Class_1,Recall_Class_1,F1_Class_1
rbf,0.9416445623342176,0.5067696571350098,0.9416445623342176,1.0,0.9699453551912568,0.0,0.0,0.0
sigmoid,0.9363395225464191,0.302715539932251,0.9413333333333334,0.9943661971830986,0.9671232876712329,0.0,0.0,0.0
