Kernel,Accuracy,Solving Time,Precision_Class_0,Recall_Class_0,F1_Class_0,Precision_Class_1,Recall_Class_1,F1_Class_1
rbf,0.9655172413793104,0.5746109485626221,0.9680851063829787,0.9972602739726028,0.9824561403508771,0.0,0.0,0.0
sigmoid,0.9575596816976127,0.27803587913513184,0.967828418230563,0.989041095890411,0.978319783197832,0.0,0.0,0.0
