Kernel,Accuracy,Solving Time,Precision_Class_0,Recall_Class_0,F1_Class_0,Precision_Class_1,Recall_Class_1,F1_Class_1
rbf,0.9549071618037135,0.5542120933532715,0.9648648648648649,0.9889196675900277,0.9767441860465116,0.42857142857142855,0.1875,0.2608695652173913
sigmoid,0.9522546419098143,0.28282690048217773,0.9573333333333334,0.9944598337950139,0.9755434782608695,0.0,0.0,0.0
