Kernel,Accuracy,Solving Time,Precision_Class_0,Recall_Class_0,F1_Class_0,Precision_Class_1,Recall_Class_1,F1_Class_1
rbf,0.91005291005291,0.2868773937225342,0.89,0.9368421052631579,0.9128205128205128,0.9325842696629213,0.8829787234042553,0.907103825136612
sigmoid,0.12698412698412698,0.6445126533508301,0.10227272727272728,0.09473684210526316,0.09836065573770492,0.1485148514851485,0.1595744680851064,0.15384615384615385
