Kernel,Accuracy,Solving Time,Precision_Class_0,Recall_Class_0,F1_Class_0,Precision_Class_1,Recall_Class_1,F1_Class_1
rbf,0.9263157894736842,0.2876253128051758,0.9270833333333334,0.9270833333333334,0.9270833333333334,0.925531914893617,0.925531914893617,0.925531914893617
sigmoid,0.1368421052631579,0.6483209133148193,0.14583333333333334,0.14583333333333334,0.14583333333333334,0.1276595744680851,0.1276595744680851,0.1276595744680851
