Kernel,Accuracy,Solving Time,Precision_Class_0,Recall_Class_0,F1_Class_0,Precision_Class_1,Recall_Class_1,F1_Class_1
rbf,0.9470899470899471,0.5163068771362305,0.9546666666666667,0.9916897506925207,0.9728260869565217,0.0,0.0,0.0
sigmoid,0.9497354497354498,0.2644486427307129,0.9547872340425532,0.9944598337950139,0.9742198100407056,0.0,0.0,0.0
