Kernel,Accuracy,Solving Time,Precision_Class_0,Recall_Class_0,F1_Class_0,Precision_Class_1,Recall_Class_1,F1_Class_1
rbf,0.91005291005291,0.2922999858856201,0.90625,0.9157894736842105,0.9109947643979057,0.9139784946236559,0.9042553191489362,0.9090909090909091
sigmoid,0.1746031746031746,0.7001309394836426,0.17204301075268819,0.16842105263157894,0.1702127659574468,0.17708333333333334,0.18085106382978725,0.17894736842105263
