Kernel,Accuracy,Solving Time,Precision_Class_0,Recall_Class_0,F1_Class_0,Precision_Class_1,Recall_Class_1,F1_Class_1
rbf,0.9042553191489362,0.2753622531890869,0.9318181818181818,0.8723404255319149,0.9010989010989011,0.88,0.9361702127659575,0.9072164948453608
sigmoid,0.1702127659574468,0.6561248302459717,0.17708333333333334,0.18085106382978725,0.17894736842105263,0.16304347826086957,0.1595744680851064,0.16129032258064516
