Kernel,Accuracy_mean,Accuracy_std,Precision_Class_0_mean,Precision_Class_0_std,Recall_Class_0_mean,Recall_Class_0_std,F1_Class_0_mean,F1_Class_0_std,Precision_Class_1_mean,Precision_Class_1_std,Recall_Class_1_mean,Recall_Class_1_std,F1_Class_1_mean,F1_Class_1_std,Solving Time_mean,Solving Time_std
rbf,0.9141670962275665,0.015538589799812123,0.91489365419158,0.02361495549717807,0.9141417039940276,0.02594394912288657,0.9141442756935779,0.015503995765694601,0.9148254237933164,0.02277430173472409,0.9141097424412095,0.026956092693069953,0.9140995872630894,0.015875364834140183,0.28461787700653074,0.00713783576523139
sigmoid,0.1552495600703887,0.028982771655136633,0.15542231860191236,0.0283252570592132,0.1557927398282941,0.029507736705372944,0.15552170176977687,0.0286172019093385,0.15388183996150656,0.03586939367922312,0.1547928331466965,0.04242848763525888,0.15425034891350134,0.039013627419442524,0.6543199777603149,0.017083872338272542
