Kernel,Accuracy,Solving Time,Precision_Class_0,Recall_Class_0,F1_Class_0,Precision_Class_1,Recall_Class_1,F1_Class_1
rbf,0.8829787234042553,0.28211164474487305,0.875,0.8936170212765957,0.8842105263157894,0.8913043478260869,0.8723404255319149,0.8817204301075269
sigmoid,0.21808510638297873,0.6607532501220703,0.19540229885057472,0.18085106382978725,0.1878453038674033,0.2376237623762376,0.2553191489361702,0.24615384615384617
