Kernel,Accuracy,Solving Time,Precision_Class_0,Recall_Class_0,F1_Class_0,Precision_Class_1,Recall_Class_1,F1_Class_1
rbf,0.9148936170212766,0.2761220932006836,0.89,0.9468085106382979,0.9175257731958762,0.9431818181818182,0.8829787234042553,0.9120879120879121
sigmoid,0.1702127659574468,0.6432301998138428,0.1702127659574468,0.1702127659574468,0.1702127659574468,0.1702127659574468,0.1702127659574468,0.1702127659574468
