Kernel,Accuracy,Solving Time,Precision_Class_0,Recall_Class_0,F1_Class_0,Precision_Class_1,Recall_Class_1,F1_Class_1
rbf,0.9574468085106383,0.5517716407775879,0.9598930481283422,0.9972222222222222,0.9782016348773842,0.5,0.0625,0.1111111111111111
sigmoid,0.949468085106383,0.2653172016143799,0.9595687331536388,0.9888888888888889,0.9740082079343365,0.2,0.0625,0.09523809523809523
