Kernel,Accuracy,Solving Time,Precision_Class_0,Recall_Class_0,F1_Class_0,Precision_Class_1,Recall_Class_1,F1_Class_1
rbf,0.9628647214854111,0.5740790367126465,0.9628647214854111,1.0,0.981081081081081,0.0,0.0,0.0
sigmoid,0.9628647214854111,0.2623739242553711,0.9628647214854111,1.0,0.981081081081081,0.0,0.0,0.0
