Kernel,Accuracy,Solving Time,Precision_Class_0,Recall_Class_0,F1_Class_0,Precision_Class_1,Recall_Class_1,F1_Class_1
rbf,0.9153439153439153,0.2745959758758545,0.9431818181818182,0.8829787234042553,0.9120879120879121,0.8910891089108911,0.9473684210526315,0.9183673469387755
sigmoid,0.15873015873015872,0.6470246315002441,0.1782178217821782,0.19148936170212766,0.18461538461538463,0.13636363636363635,0.12631578947368421,0.13114754098360656
