Kernel,Accuracy,Solving Time,Precision_Class_0,Recall_Class_0,F1_Class_0,Precision_Class_1,Recall_Class_1,F1_Class_1
rbf,0.9681697612732095,0.5850818157196045,0.9680851063829787,1.0,0.9837837837837838,1.0,0.07692307692307693,0.14285714285714285
sigmoid,0.9655172413793104,0.366962194442749,0.9655172413793104,1.0,0.9824561403508771,0.0,0.0,0.0
