Kernel,Accuracy,Solving Time,Num samples,Precision_Class_1,Recall_Class_1,F1_Class_1,Precision_Class_0,Recall_Class_0,F1_Class_0
rbf,0.9047619047619048,0.07383894920349121,237,0.8811881188118812,0.9368421052631579,0.9081632653061225,0.9318181818181818,0.8723404255319149,0.9010989010989011
