Kernel,Accuracy,Solving Time,Num samples,Precision_Class_0,Recall_Class_0,F1_Class_0,Precision_Class_1,Recall_Class_1,F1_Class_1
rbf,0.898936170212766,0.028247594833374023,231,0.8712871287128713,0.9361702127659575,0.9025641025641026,0.9310344827586207,0.8617021276595744,0.8950276243093923
