Kernel,Accuracy,Solving Time,Num samples,Precision_Class_0,Recall_Class_0,F1_Class_0,Precision_Class_1,Recall_Class_1,F1_Class_1
rbf,0.9708222811671088,0.0,36,0.9731903485254692,0.9972527472527473,0.9850746268656716,0.75,0.23076923076923078,0.35294117647058826
