Kernel,Accuracy,Solving Time,Num samples,Precision_Class_0,Recall_Class_0,F1_Class_0,Precision_Class_1,Recall_Class_1,F1_Class_1
rbf,0.8829787234042553,0.026459455490112305,231,0.8913043478260869,0.8723404255319149,0.8817204301075269,0.875,0.8936170212765957,0.8842105263157894
