Kernel,Accuracy,Solving Time,Num samples,Precision_Class_0,Recall_Class_0,F1_Class_0,Precision_Class_1,Recall_Class_1,F1_Class_1
rbf,0.8789473684210526,0.012509346008300781,140,0.9294117647058824,0.8229166666666666,0.8729281767955801,0.8380952380952381,0.9361702127659575,0.8844221105527639
