Kernel,Accuracy,Solving Time,Num samples,Precision_Class_0,Recall_Class_0,F1_Class_0,Precision_Class_1,Recall_Class_1,F1_Class_1
rbf,0.898936170212766,0.013038158416748047,313,0.8571428571428571,0.9574468085106383,0.9045226130653267,0.9518072289156626,0.8404255319148937,0.8926553672316384
