Kernel,Accuracy,Solving Time,Num samples,Precision_Class_1,Recall_Class_1,F1_Class_1,Precision_Class_0,Recall_Class_0,F1_Class_0
rbf,0.8571428571428571,0.03196978569030762,233,0.845360824742268,0.8723404255319149,0.8586387434554974,0.8695652173913043,0.8421052631578947,0.8556149732620321
