Kernel,Accuracy,Solving Time,Num samples,Precision_Class_0,Recall_Class_0,F1_Class_0,Precision_Class_1,Recall_Class_1,F1_Class_1
rbf,0.9787798408488063,0.04563283920288086,2911,0.9813333333333333,0.997289972899729,0.989247311827957,0.5,0.125,0.2
