Kernel,Accuracy,Solving Time,Num samples,Precision_Class_0,Recall_Class_0,F1_Class_0,Precision_Class_1,Recall_Class_1,F1_Class_1
rbf,0.9157894736842105,0.02718949317932129,254,0.925531914893617,0.90625,0.9157894736842105,0.90625,0.925531914893617,0.9157894736842105
