Kernel,Accuracy_mean,Accuracy_std,Precision_Class_0_mean,Precision_Class_0_std,Recall_Class_0_mean,Recall_Class_0_std,F1_Class_0_mean,F1_Class_0_std,Precision_Class_1_mean,Precision_Class_1_std,Recall_Class_1_mean,Recall_Class_1_std,F1_Class_1_mean,F1_Class_1_std,Solving Time_mean,Solving Time_std
rbf,0.9146961967566671,0.014850846537503803,0.9148766309931039,0.021268464564799118,0.915194335572975,0.027152701197980612,0.914674391591622,0.015169999294674504,0.9158808435693423,0.02398580093248794,0.9141097424412095,0.024512909486159837,0.9146297973533741,0.014828818086785694,0.16098113059997554,0.017091794128935793
