Kernel,Accuracy,Solving Time,Num samples,Precision_Class_0,Recall_Class_0,F1_Class_0,Precision_Class_1,Recall_Class_1,F1_Class_1
rbf,0.7978723404255319,0.011965751647949219,122,0.8414634146341463,0.7340425531914894,0.7840909090909091,0.7641509433962265,0.8617021276595744,0.81
