Kernel,Accuracy_mean,Accuracy_std,Precision_Class_0_mean,Precision_Class_0_std,Recall_Class_0_mean,Recall_Class_0_std,F1_Class_0_mean,F1_Class_0_std,Precision_Class_1_mean,Precision_Class_1_std,Recall_Class_1_mean,Recall_Class_1_std,F1_Class_1_mean,F1_Class_1_std,Solving Time_mean,Solving Time_std
rbf,0.9141670962275665,0.016134125425226267,0.9139555783615251,0.0228822604950643,0.9152055337812616,0.02759768699550483,0.9142069869105904,0.016276777184303048,0.9157883287044972,0.02466893233099826,0.9130459126539753,0.02618770435384131,0.9140372941665904,0.01627311879293082,0.2899091720581054,0.11870555068887359
