Kernel,Accuracy,Solving Time,Num samples,Precision_Class_0,Recall_Class_0,F1_Class_0,Precision_Class_1,Recall_Class_1,F1_Class_1
rbf,0.8571428571428571,0.019870758056640625,254,0.9036144578313253,0.7978723404255319,0.847457627118644,0.8207547169811321,0.9157894736842105,0.8656716417910447
