Kernel,F1_Class_0_mean,F1_Class_0_std,Solving Time_mean,Solving Time_std,Recall_Class_0_mean,Recall_Class_0_std,Precision_Class_0_mean,Precision_Class_0_std,Num samples_mean,Num samples_std,Accuracy_mean,Accuracy_std,Precision_Class_1_mean,Precision_Class_1_std,Recall_Class_1_mean,Recall_Class_1_std,F1_Class_1_mean,F1_Class_1_std
rbf,0.8597500194329599,0.03305563313279601,0.03579649925231929,0.011466984390779788,0.8297128126166481,0.0575344396524233,0.8949798708958239,0.026210579372339112,225.2,5.808040403899857,0.8655116810939878,0.02724880746572268,0.8431388615816167,0.040358768748966996,0.9014221724524075,0.030682911333824434,0.8704383631172711,0.023785504799524605
