Kernel,Accuracy,Solving Time,Num samples,Precision_Class_0,Recall_Class_0,F1_Class_0,Precision_Class_1,Recall_Class_1,F1_Class_1
rbf,0.9681697612732095,0.06571054458618164,596,0.9705882352941176,0.9972527472527473,0.983739837398374,0.6666666666666666,0.15384615384615385,0.25
