Kernel,Accuracy,Solving Time,Num samples,Precision_Class_0,Recall_Class_0,F1_Class_0,Precision_Class_1,Recall_Class_1,F1_Class_1
rbf,0.8677248677248677,0.01102757453918457,141,0.8876404494382022,0.8404255319148937,0.8633879781420765,0.85,0.8947368421052632,0.8717948717948718
