Kernel,Accuracy,Solving Time,Num samples,Precision_Class_0,Recall_Class_0,F1_Class_0,Precision_Class_1,Recall_Class_1,F1_Class_1
rbf,0.9047619047619048,0.01805567741394043,331,0.8958333333333334,0.9148936170212766,0.9052631578947369,0.9139784946236559,0.8947368421052632,0.9042553191489362
