Kernel,Accuracy,Solving Time,Num samples,Precision_Class_0,Recall_Class_0,F1_Class_0,Precision_Class_1,Recall_Class_1,F1_Class_1
rbf,0.8888888888888888,0.03238797187805176,225,0.8936170212765957,0.8842105263157894,0.8888888888888888,0.8842105263157894,0.8936170212765957,0.8888888888888888
