Kernel,Accuracy,Solving Time,Num samples,Precision_Class_0,Recall_Class_0,F1_Class_0,Precision_Class_1,Recall_Class_1,F1_Class_1
rbf,0.8297872340425532,0.032175540924072266,247,0.8444444444444444,0.8085106382978723,0.8260869565217391,0.8163265306122449,0.851063829787234,0.8333333333333334
