Kernel,Accuracy_mean,Accuracy_std,Precision_Class_0_mean,Precision_Class_0_std,Recall_Class_0_mean,Recall_Class_0_std,F1_Class_0_mean,F1_Class_0_std,Precision_Class_1_mean,Precision_Class_1_std,Recall_Class_1_mean,Recall_Class_1_std,F1_Class_1_mean,F1_Class_1_std,Solving Time_mean,Solving Time_std
rbf,0.9607566878109799,0.01086687111926498,0.9644693898295037,0.010702692933581065,0.9958750220608599,0.003953152254143033,0.9798877809844033,0.005652827707844868,0.5033333333333333,0.44003366874550587,0.09766206016206014,0.0899958764367739,0.1569895151736584,0.14234834114847375,0.013892173767089788,0.011126839285624975
