Kernel,Accuracy,Solving Time,Num samples,Precision_Class_0,Recall_Class_0,F1_Class_0,Precision_Class_1,Recall_Class_1,F1_Class_1
rbf,0.9708222811671088,0.0,37,0.9705882352941176,1.0,0.9850746268656716,1.0,0.21428571428571427,0.35294117647058826
