Kernel,Accuracy,Solving Time,Num samples,Precision_Class_0,Recall_Class_0,F1_Class_0,Precision_Class_1,Recall_Class_1,F1_Class_1
rbf,0.8297872340425532,0.011032581329345703,144,0.8974358974358975,0.7446808510638298,0.813953488372093,0.7818181818181819,0.9148936170212766,0.8431372549019608
