Kernel,Accuracy,Solving Time,Num samples,Precision_Class_0,Recall_Class_0,F1_Class_0,Precision_Class_1,Recall_Class_1,F1_Class_1
rbf,0.8306878306878307,0.05224132537841797,229,0.8315789473684211,0.8315789473684211,0.8315789473684211,0.8297872340425532,0.8297872340425532,0.8297872340425532
