Kernel,Accuracy,Solving Time,Num samples,Precision_Class_0,Recall_Class_0,F1_Class_0,Precision_Class_1,Recall_Class_1,F1_Class_1
rbf,0.9417989417989417,0.17899322509765625,1522,0.9368421052631579,0.9468085106382979,0.9417989417989417,0.9468085106382979,0.9368421052631579,0.9417989417989417
