Kernel,Accuracy,Solving Time,Num samples,Precision_Class_0,Recall_Class_0,F1_Class_0,Precision_Class_1,Recall_Class_1,F1_Class_1
rbf,0.9575596816976127,0.07168030738830566,583,0.9573333333333334,1.0,0.9782016348773842,1.0,0.1111111111111111,0.2
