Kernel,Accuracy,Solving Time,Num samples,Precision_Class_0,Recall_Class_0,F1_Class_0,Precision_Class_1,Recall_Class_1,F1_Class_1
rbf,0.9052631578947369,0.01853013038635254,369,0.9239130434782609,0.8854166666666666,0.9042553191489362,0.8877551020408163,0.925531914893617,0.90625
