Kernel,Accuracy,Solving Time,Num samples,Precision_Class_0,Recall_Class_0,F1_Class_0,Precision_Class_1,Recall_Class_1,F1_Class_1
rbf,0.9496021220159151,0.0064849853515625,33,0.9596774193548387,0.9889196675900277,0.9740791268758526,0.2,0.0625,0.09523809523809523
