Kernel,Accuracy,Solving Time,Num samples,Precision_Class_0,Recall_Class_0,F1_Class_0,Precision_Class_1,Recall_Class_1,F1_Class_1
rbf,0.9627659574468085,0.008569717407226562,27,0.9650537634408602,0.9972222222222222,0.9808743169398907,0.75,0.1875,0.3
