Kernel,Accuracy,Solving Time,Num samples,Precision_Class_0,Recall_Class_0,F1_Class_0,Precision_Class_1,Recall_Class_1,F1_Class_1
rbf,0.9153439153439153,0.12800025939941406,1542,0.8910891089108911,0.9473684210526315,0.9183673469387755,0.9431818181818182,0.8829787234042553,0.9120879120879121
