Kernel,Accuracy,Solving Time,Num samples,Precision_Class_0,Recall_Class_0,F1_Class_0,Precision_Class_1,Recall_Class_1,F1_Class_1
rbf,0.9655172413793104,0.1076822280883789,2954,0.9680851063829787,0.9972602739726028,0.9824561403508771,0.0,0.0,0.0
