Kernel,Accuracy,Solving Time,Num samples,Precision_Class_0,Recall_Class_0,F1_Class_0,Precision_Class_1,Recall_Class_1,F1_Class_1
rbf,0.9629629629629629,0.07618522644042969,596,0.9706666666666667,0.9918256130790191,0.9811320754716981,0.0,0.0,0.0
