Kernel,Accuracy,Solving Time,Num samples,Precision_Class_0,Recall_Class_0,F1_Class_0,Precision_Class_1,Recall_Class_1,F1_Class_1
rbf,0.8677248677248677,0.03627157211303711,241,0.8365384615384616,0.9157894736842105,0.8743718592964824,0.9058823529411765,0.8191489361702128,0.8603351955307262
