Kernel,Accuracy,Solving Time,Num samples,Precision_Class_0,Recall_Class_0,F1_Class_0,Precision_Class_1,Recall_Class_1,F1_Class_1
rbf,0.873015873015873,0.013437271118164062,213,0.8977272727272727,0.8404255319148937,0.8681318681318682,0.8514851485148515,0.9052631578947369,0.8775510204081632
