Kernel,Accuracy,Solving Time,Num samples,Precision_Class_0,Recall_Class_0,F1_Class_0,Precision_Class_1,Recall_Class_1,F1_Class_1
rbf,0.8670212765957447,0.023761510848999023,234,0.9058823529411765,0.8191489361702128,0.8603351955307262,0.8349514563106796,0.9148936170212766,0.8730964467005076
