Kernel,Accuracy,Solving Time,Num samples,Precision_Class_0,Recall_Class_0,F1_Class_0,Precision_Class_1,Recall_Class_1,F1_Class_1
rbf,0.8617021276595744,0.017502784729003906,341,0.8777777777777778,0.8404255319148937,0.8586956521739131,0.8469387755102041,0.8829787234042553,0.8645833333333334
