Kernel,Accuracy_mean,Accuracy_std,Precision_Class_0_mean,Precision_Class_0_std,Recall_Class_0_mean,Recall_Class_0_std,F1_Class_0_mean,F1_Class_0_std,Precision_Class_1_mean,Precision_Class_1_std,Recall_Class_1_mean,Recall_Class_1_std,F1_Class_1_mean,F1_Class_1_std,Solving Time_mean,Solving Time_std
rbf,0.8892823666731842,0.019839712432368678,0.8916045408136991,0.02740817359858234,0.887701801045166,0.03954451010485431,0.8889188182263764,0.021037940227461117,0.8896377270546652,0.033976769484489994,0.8908062709966404,0.0338683407846304,0.8894260142350803,0.019451352803984807,0.01787381172180172,0.0018562194867522694
