Kernel,F1_Class_0_mean,F1_Class_0_std,Solving Time_mean,Solving Time_std,Recall_Class_0_mean,Recall_Class_0_std,Precision_Class_0_mean,Precision_Class_0_std,Num samples_mean,Num samples_std,Accuracy_mean,Accuracy_std,Precision_Class_1_mean,Precision_Class_1_std,Recall_Class_1_mean,Recall_Class_1_std,F1_Class_1_mean,F1_Class_1_std
rbf,0.9792380005577119,0.005927032124209865,0.07995593547821041,0.03736568953783967,0.9969657091736774,0.003797012099219278,0.9621919737454541,0.010950406436368677,2930.9,14.685215543380902,0.959429024414351,0.011382175803868522,0.145,0.2671350054019711,0.0375,0.06718548123582126,0.05952380952380952,0.10731027484320249
