Kernel,Accuracy,Solving Time,Num samples,Precision_Class_0,Recall_Class_0,F1_Class_0,Precision_Class_1,Recall_Class_1,F1_Class_1
rbf,0.898936170212766,0.14996743202209473,1517,0.9213483146067416,0.8723404255319149,0.8961748633879781,0.8787878787878788,0.925531914893617,0.9015544041450777
