Kernel,Accuracy,Solving Time,Num samples,Precision_Class_0,Recall_Class_0,F1_Class_0,Precision_Class_1,Recall_Class_1,F1_Class_1
rbf,0.9761273209549072,0.005028963088989258,36,0.9812834224598931,0.994579945799458,0.9878869448183042,0.3333333333333333,0.125,0.18181818181818182
