Kernel,Accuracy,Solving Time,Num samples,Precision_Class_0,Recall_Class_0,F1_Class_0,Precision_Class_1,Recall_Class_1,F1_Class_1
rbf,0.9202127659574468,0.1590874195098877,1530,0.8910891089108911,0.9574468085106383,0.9230769230769231,0.9540229885057471,0.8829787234042553,0.9171270718232044
