Kernel,Accuracy,Solving Time,Num samples,Precision_Class_0,Recall_Class_0,F1_Class_0,Precision_Class_1,Recall_Class_1,F1_Class_1
rbf,0.7819148936170213,0.011703252792358398,130,0.8732394366197183,0.6595744680851063,0.7515151515151515,0.7264957264957265,0.9042553191489362,0.8056872037914692
