Kernel,Accuracy,Solving Time,Num samples,Precision_Class_0,Recall_Class_0,F1_Class_0,Precision_Class_1,Recall_Class_1,F1_Class_1
rbf,0.8994708994708994,0.014029979705810547,323,0.9032258064516129,0.8936170212765957,0.8983957219251337,0.8958333333333334,0.9052631578947369,0.900523560209424
