Kernel,Accuracy,Solving Time,Num samples,Precision_Class_0,Recall_Class_0,F1_Class_0,Precision_Class_1,Recall_Class_1,F1_Class_1
rbf,0.8412698412698413,0.010551214218139648,142,0.8571428571428571,0.8210526315789474,0.8387096774193549,0.826530612244898,0.8617021276595744,0.84375
