Kernel,Accuracy,Solving Time,Num samples,Precision_Class_0,Recall_Class_0,F1_Class_0,Precision_Class_1,Recall_Class_1,F1_Class_1
rbf,0.8624338624338624,0.011980056762695312,149,0.8415841584158416,0.8947368421052632,0.8673469387755102,0.8863636363636364,0.8297872340425532,0.8571428571428571
