Kernel,Accuracy,Solving Time,Num samples,Precision_Class_0,Recall_Class_0,F1_Class_0,Precision_Class_1,Recall_Class_1,F1_Class_1
rbf,0.8677248677248677,0.020337820053100586,223,0.896551724137931,0.8297872340425532,0.861878453038674,0.8431372549019608,0.9052631578947369,0.8730964467005076
