Kernel,Accuracy,Solving Time,Num samples,Precision_Class_0,Recall_Class_0,F1_Class_0,Precision_Class_1,Recall_Class_1,F1_Class_1
rbf,0.8723404255319149,0.04981064796447754,222,0.8804347826086957,0.8617021276595744,0.8709677419354839,0.8645833333333334,0.8829787234042553,0.8736842105263158
