Kernel,Accuracy,Solving Time,Num samples,Precision_Class_0,Recall_Class_0,F1_Class_0,Precision_Class_1,Recall_Class_1,F1_Class_1
rbf,0.8723404255319149,0.024732351303100586,240,0.85,0.9042553191489362,0.8762886597938144,0.8977272727272727,0.8404255319148937,0.8681318681318682
