Kernel,Accuracy,Solving Time,Num samples,Precision_Class_0,Recall_Class_0,F1_Class_0,Precision_Class_1,Recall_Class_1,F1_Class_1
rbf,0.9442970822281167,0.0,26,0.9441489361702128,1.0,0.9712722298221614,1.0,0.045454545454545456,0.08695652173913043
