Kernel,Accuracy,Solving Time,Num samples,Precision_Class_0,Recall_Class_0,F1_Class_0,Precision_Class_1,Recall_Class_1,F1_Class_1
rbf,0.91005291005291,0.2022571563720703,1523,0.89,0.9368421052631579,0.9128205128205128,0.9325842696629213,0.8829787234042553,0.907103825136612
