Kernel,Accuracy,Solving Time,Num samples,Precision_Class_0,Recall_Class_0,F1_Class_0,Precision_Class_1,Recall_Class_1,F1_Class_1
rbf,0.8052631578947368,0.016729354858398438,227,0.9154929577464789,0.6770833333333334,0.7784431137724551,0.7394957983193278,0.9361702127659575,0.8262910798122066
