Kernel,Accuracy,Solving Time,Num samples,Precision_Class_0,Recall_Class_0,F1_Class_0,Precision_Class_1,Recall_Class_1,F1_Class_1
rbf,0.9263157894736842,0.28759312629699707,1525,0.9270833333333334,0.9270833333333334,0.9270833333333334,0.925531914893617,0.925531914893617,0.925531914893617
