Kernel,Accuracy,Solving Time,Num samples,Precision_Class_0,Recall_Class_0,F1_Class_0,Precision_Class_1,Recall_Class_1,F1_Class_1
rbf,0.873015873015873,0.011000394821166992,144,0.9069767441860465,0.8297872340425532,0.8666666666666667,0.8446601941747572,0.9157894736842105,0.8787878787878788
