Kernel,Accuracy_mean,Accuracy_std,Precision_Class_0_mean,Precision_Class_0_std,Recall_Class_0_mean,Recall_Class_0_std,F1_Class_0_mean,F1_Class_0_std,Precision_Class_1_mean,Precision_Class_1_std,Recall_Class_1_mean,Recall_Class_1_std,F1_Class_1_mean,F1_Class_1_std,Solving Time_mean,Solving Time_std
rbf,0.8542940388797051,0.030538089103237062,0.8895646147368588,0.029675041728235645,0.8102535927584921,0.06399216414343768,0.8465405325691643,0.03839812340376824,0.8283161467904879,0.04399719149380015,0.8982978723404255,0.03406353518012063,0.8608069047741352,0.025374505989845544,0.011682796478271421,0.0015275608824326095
