Kernel,Accuracy,Solving Time,Num samples,Precision_Class_0,Recall_Class_0,F1_Class_0,Precision_Class_1,Recall_Class_1,F1_Class_1
rbf,0.9470899470899471,0.013048648834228516,36,0.9546666666666667,0.9916897506925207,0.9728260869565217,0.0,0.0,0.0
