Kernel,Accuracy,Solving Time,Num samples,Precision_Class_0,Recall_Class_0,F1_Class_0,Precision_Class_1,Recall_Class_1,F1_Class_1
rbf,0.8882978723404256,0.016018152236938477,367,0.9010989010989011,0.8723404255319149,0.8864864864864865,0.8762886597938144,0.9042553191489362,0.8900523560209425
