Kernel,Accuracy,Solving Time,Num samples,Precision_Class_0,Recall_Class_0,F1_Class_0,Precision_Class_1,Recall_Class_1,F1_Class_1
rbf,0.8941798941798942,0.02671360969543457,226,0.9302325581395349,0.851063829787234,0.8888888888888888,0.8640776699029126,0.9368421052631579,0.898989898989899
