Kernel,Accuracy,Solving Time,Num samples,Precision_Class_0,Recall_Class_0,F1_Class_0,Precision_Class_1,Recall_Class_1,F1_Class_1
rbf,0.9259259259259259,0.4140496253967285,1539,0.9347826086956522,0.9148936170212766,0.9247311827956989,0.9175257731958762,0.9368421052631579,0.9270833333333334
