Kernel,Accuracy,Solving Time,Num samples,Precision_Class_0,Recall_Class_0,F1_Class_0,Precision_Class_1,Recall_Class_1,F1_Class_1
rbf,0.8829787234042553,0.013529777526855469,151,0.9285714285714286,0.8297872340425532,0.8764044943820225,0.8461538461538461,0.9361702127659575,0.8888888888888888
