Kernel,F1_Class_0_mean,F1_Class_0_std,Solving Time_mean,Solving Time_std,Recall_Class_0_mean,Recall_Class_0_std,Precision_Class_0_mean,Precision_Class_0_std,Num samples_mean,Num samples_std,Accuracy_mean,Accuracy_std,Precision_Class_1_mean,Precision_Class_1_std,Recall_Class_1_mean,Recall_Class_1_std,F1_Class_1_mean,F1_Class_1_std
rbf,0.8791342185835092,0.029228123104097715,0.04552743434906003,0.03212251821800474,0.877052771556551,0.04663577006507327,0.8829757024658116,0.034365173534185986,244.2,9.295160030897804,0.8797276583894724,0.0277760191203099,0.8794984825890385,0.039083397313360364,0.8822844344904816,0.03990442586632992,0.880029643625589,0.027172740819775852
