Kernel,Accuracy,Solving Time,Num samples,Precision_Class_1,Recall_Class_1,F1_Class_1,Precision_Class_0,Recall_Class_0,F1_Class_0
rbf,0.91005291005291,0.02463245391845703,247,0.90625,0.9157894736842105,0.9109947643979057,0.9139784946236559,0.9042553191489362,0.9090909090909091
