Kernel,Accuracy,Solving Time,Num samples,Precision_Class_0,Recall_Class_0,F1_Class_0,Precision_Class_1,Recall_Class_1,F1_Class_1
rbf,0.8518518518518519,0.008711099624633789,130,0.8666666666666667,0.8297872340425532,0.8478260869565217,0.8383838383838383,0.8736842105263158,0.8556701030927835
