Kernel,F1_Class_0_mean,F1_Class_0_std,Solving Time_mean,Solving Time_std,Recall_Class_0_mean,Recall_Class_0_std,Precision_Class_0_mean,Precision_Class_0_std,Num samples_mean,Num samples_std,Accuracy_mean,Accuracy_std,Precision_Class_1_mean,Precision_Class_1_std,Recall_Class_1_mean,Recall_Class_1_std,F1_Class_1_mean,F1_Class_1_std
rbf,0.979646325628322,0.005194066803525998,0.2041354894638061,0.19811565915519985,0.9969830553018569,0.003283085020252282,0.9629746159761758,0.010893107271086822,585.0,22.56349066769393,0.9602261838322,0.009982774084530978,0.275,0.38898808258745116,0.05774572649572649,0.07706409942408521,0.09318181818181817,0.124154625296655
