Kernel,Accuracy,Solving Time,Num samples,Precision_Class_0,Recall_Class_0,F1_Class_0,Precision_Class_1,Recall_Class_1,F1_Class_1
rbf,0.8835978835978836,0.03627824783325195,258,0.8829787234042553,0.8829787234042553,0.8829787234042553,0.8842105263157894,0.8842105263157894,0.8842105263157894
