Kernel,Accuracy,Solving Time,Num samples,Precision_Class_0,Recall_Class_0,F1_Class_0,Precision_Class_1,Recall_Class_1,F1_Class_1
rbf,0.8624338624338624,0.016997575759887695,348,0.8953488372093024,0.8191489361702128,0.8555555555555555,0.8349514563106796,0.9052631578947369,0.8686868686868687
