Kernel,Accuracy,Solving Time,Num samples,Precision_Class_0,Recall_Class_0,F1_Class_0,Precision_Class_1,Recall_Class_1,F1_Class_1
rbf,0.9206349206349206,0.020705461502075195,323,0.9340659340659341,0.9042553191489362,0.918918918918919,0.9081632653061225,0.9368421052631579,0.9222797927461139
