Kernel,Accuracy,Solving Time,Num samples,Precision_Class_0,Recall_Class_0,F1_Class_0,Precision_Class_1,Recall_Class_1,F1_Class_1
rbf,0.8783068783068783,0.015935420989990234,312,0.8829787234042553,0.8736842105263158,0.8783068783068783,0.8736842105263158,0.8829787234042553,0.8783068783068783
