K,Distance,Voting scheme,Weight scheme,F1_Class_0_mean,F1_Class_0_std,Solving Time_mean,Solving Time_std,Recall_Class_0_mean,Recall_Class_0_std,Precision_Class_0_mean,Precision_Class_0_std,Num samples_mean,Num samples_std,Accuracy_mean,Accuracy_std,Precision_Class_1_mean,Precision_Class_1_std,Recall_Class_1_mean,Recall_Class_1_std,F1_Class_1_mean,F1_Class_1_std
7,minkowski2,Majority_class,Mutual_classifier,0.8058616403433042,0.11590893324079139,0.7209596872329712,0.18057727057904163,0.8232757092198583,0.1103516533703642,0.7903665470655057,0.1253005667567978,244.2,9.295160030897804,0.800017893433347,0.1207028070821315,0.8124404993085867,0.11876324219894203,0.7767077267637178,0.13760552268603635,0.793429337736949,0.12655667310543453
