K,Distance,Voting scheme,Weight scheme,Solving Time,Accuracy,Num samples,Precision_Class_0,Recall_Class_0,F1_Class_0,Precision_Class_1,Recall_Class_1,F1_Class_1
7,minkowski2,Majority_class,Mutual_classifier,0.2680351734161377,0.6084656084656085,142,0.6235294117647059,0.5578947368421052,0.5888888888888889,0.5961538461538461,0.6595744680851063,0.6262626262626263
