K,Distance,Voting scheme,Weight scheme,Solving Time,Accuracy,Num samples,Precision_Class_0,Recall_Class_0,F1_Class_0,Precision_Class_1,Recall_Class_1,F1_Class_1
7,minkowski2,Majority_class,Mutual_classifier,3.3016717433929443,0.9735449735449735,1542,0.9591836734693877,0.9894736842105263,0.9740932642487047,0.989010989010989,0.9574468085106383,0.972972972972973
