K,Distance,Voting scheme,Weight scheme,Solving Time,Accuracy,Num samples,Precision_Class_0,Recall_Class_0,F1_Class_0,Precision_Class_1,Recall_Class_1,F1_Class_1
7,HEOM,Inverse_Distance_Weights,Mutual_classifier,0.23639702796936035,0.8421052631578947,254,0.851063829787234,0.8333333333333334,0.8421052631578947,0.8333333333333334,0.851063829787234,0.8421052631578947
