K,Distance,Voting scheme,Weight scheme,Solving Time,Accuracy,Num samples,Precision_Class_0,Recall_Class_0,F1_Class_0,Precision_Class_1,Recall_Class_1,F1_Class_1
7,minkowski2,Majority_class,Mutual_classifier,0.4679281711578369,0.6772486772486772,213,0.6701030927835051,0.6914893617021277,0.680628272251309,0.6847826086956522,0.6631578947368421,0.6737967914438503
