K,Distance,Voting scheme,Weight scheme,Solving Time,Accuracy,Num samples,Precision_Class_0,Recall_Class_0,F1_Class_0,Precision_Class_1,Recall_Class_1,F1_Class_1
7,minkowski2,Majority_class,Mutual_classifier,4.060006141662598,0.9576719576719577,1549,0.9393939393939394,0.9789473684210527,0.9587628865979382,0.9777777777777777,0.9361702127659575,0.9565217391304348
