K,Distance,Voting scheme,Weight scheme,Accuracy_mean,Accuracy_std,Precision_Class_0_mean,Precision_Class_0_std,Recall_Class_0_mean,Recall_Class_0_std,F1_Class_0_mean,F1_Class_0_std,Precision_Class_1_mean,Precision_Class_1_std,Recall_Class_1_mean,Recall_Class_1_std,F1_Class_1_mean,F1_Class_1_std,Solving Time_mean,Solving Time_std
7,minkowski2,Majority_class,Mutual_classifier,0.9295448431954589,0.017728423733780214,0.9298310349359078,0.02445053520087875,0.930043393057111,0.02984012455906973,0.9295226251948703,0.018038201157324622,0.9308940186593645,0.026981070805134785,0.9289473684210527,0.02808785321300242,0.9294747103664387,0.01769691528398842,0.8438153505325318,0.18390681926801217
