K,Distance,Voting scheme,Weight scheme,Solving Time,Accuracy,Num samples,Precision_Class_0,Recall_Class_0,F1_Class_0,Precision_Class_1,Recall_Class_1,F1_Class_1
7,minkowski1,Majority_class,ANOVA,1.3509790897369385,0.9681697612732095,600,0.9811320754716981,0.986449864498645,0.9837837837837838,0.16666666666666666,0.125,0.14285714285714285
