K,Distance,Voting scheme,Weight scheme,Solving Time,Accuracy,Num samples,Precision_Class_0,Recall_Class_0,F1_Class_0,Precision_Class_1,Recall_Class_1,F1_Class_1
7,HEOM,Inverse_Distance_Weights,Mutual_classifier,0.2578136920928955,0.7248677248677249,254,0.647887323943662,0.9787234042553191,0.7796610169491526,0.9574468085106383,0.47368421052631576,0.6338028169014085
