K,Distance,Voting scheme,Weight scheme,Accuracy_mean,Accuracy_std,Precision_Class_0_mean,Precision_Class_0_std,Recall_Class_0_mean,Recall_Class_0_std,F1_Class_0_mean,F1_Class_0_std,Precision_Class_1_mean,Precision_Class_1_std,Recall_Class_1_mean,Recall_Class_1_std,F1_Class_1_mean,F1_Class_1_std,Solving Time_mean,Solving Time_std
7,minkowski2,Majority_class,Mutual_classifier,0.9682060055576294,0.01277421131783611,0.9709837615939809,0.024597390867301963,0.9660687290033595,0.02114683137350106,0.9681774201440515,0.012631812131640885,0.9668344373934371,0.019998634901113737,0.9702687569988802,0.025967089261081,0.9682035799146975,0.012972431500442406,4.586886858940124,2.08668001464729
