K,Distance,Voting scheme,Weight scheme,Solving Time,Accuracy,Num samples,Precision_Class_0,Recall_Class_0,F1_Class_0,Precision_Class_1,Recall_Class_1,F1_Class_1
7,HEOM,Majority_class,Mutual_classifier,11.936619520187378,0.9389920424403183,583,0.9590163934426229,0.9777158774373259,0.9682758620689655,0.2727272727272727,0.16666666666666666,0.20689655172413793
