K,Distance,Voting scheme,Weight scheme,Solving Time,Accuracy,Num samples,Precision_Class_0,Recall_Class_0,F1_Class_0,Precision_Class_1,Recall_Class_1,F1_Class_1
7,minkowski2,Majority_class,Mutual_classifier,0.6029627323150635,0.9259259259259259,323,0.9347826086956522,0.9148936170212766,0.9247311827956989,0.9175257731958762,0.9368421052631579,0.9270833333333334
