K,Distance,Voting scheme,Weight scheme,Solving Time,Accuracy,Num samples,Precision_Class_0,Recall_Class_0,F1_Class_0,Precision_Class_1,Recall_Class_1,F1_Class_1
7,HEOM,Inverse_Distance_Weights,Mutual_classifier,0.25300097465515137,0.8138297872340425,240,0.797979797979798,0.8404255319148937,0.8186528497409327,0.8314606741573034,0.7872340425531915,0.8087431693989071
