K,Distance,Voting scheme,Weight scheme,Solving Time,Accuracy,Num samples,Precision_Class_0,Recall_Class_0,F1_Class_0,Precision_Class_1,Recall_Class_1,F1_Class_1
7,minkowski1,Majority_class,ANOVA,1.4375452995300293,0.9442970822281167,585,0.9644808743169399,0.9778393351800554,0.9711141678129298,0.2727272727272727,0.1875,0.2222222222222222
