K,Distance,Voting scheme,Weight scheme,Solving Time,Accuracy,Num samples,Precision_Class_0,Recall_Class_0,F1_Class_0,Precision_Class_1,Recall_Class_1,F1_Class_1
7,minkowski1,Majority_class,ANOVA,1.1824889183044434,0.9522546419098143,596,0.967479674796748,0.9834710743801653,0.9754098360655737,0.25,0.14285714285714285,0.18181818181818182
