K,Distance,Voting scheme,Weight scheme,Accuracy_mean,Accuracy_std,Precision_Class_0_mean,Precision_Class_0_std,Recall_Class_0_mean,Recall_Class_0_std,F1_Class_0_mean,F1_Class_0_std,Precision_Class_1_mean,Precision_Class_1_std,Recall_Class_1_mean,Recall_Class_1_std,F1_Class_1_mean,F1_Class_1_std,Solving Time_mean,Solving Time_std
7,HEOM,Majority_class,Mutual_classifier,0.9610219398003699,0.010593272768626866,0.9647280629883594,0.010604819154822174,0.9958750220608599,0.003953152254143033,0.9800208519033754,0.005514874827830403,0.5166666666666667,0.4317635383938988,0.10391206016206014,0.08945122038814113,0.16564752383166703,0.14079972606253552,0.924758005142212,0.1707128416973956
