K,Distance,Voting scheme,Weight scheme,Solving Time,Accuracy,Num samples,Precision_Class_0,Recall_Class_0,F1_Class_0,Precision_Class_1,Recall_Class_1,F1_Class_1
7,minkowski2,Majority_class,Mutual_classifier,0.609907865524292,0.9095744680851063,247,0.9052631578947369,0.9148936170212766,0.91005291005291,0.9139784946236559,0.9042553191489362,0.9090909090909091
