K,Distance,Voting scheme,Weight scheme,Solving Time,Accuracy,Num samples,Precision_Class_0,Recall_Class_0,F1_Class_0,Precision_Class_1,Recall_Class_1,F1_Class_1
7,minkowski2,Majority_class,Mutual_classifier,3.1410410404205322,0.9682539682539683,1542,0.9494949494949495,0.9894736842105263,0.9690721649484536,0.9888888888888889,0.9468085106382979,0.967391304347826
