K,Distance,Voting scheme,Weight scheme,Solving Time,Accuracy,Num samples,Precision_Class_0,Recall_Class_0,F1_Class_0,Precision_Class_1,Recall_Class_1,F1_Class_1
7,minkowski2,Majority_class,Mutual_classifier,0.6657736301422119,0.9206349206349206,312,0.9081632653061225,0.9368421052631579,0.9222797927461139,0.9340659340659341,0.9042553191489362,0.918918918918919
