K,Distance,Voting scheme,Weight scheme,Solving Time,Accuracy,Num samples,Precision_Class_0,Recall_Class_0,F1_Class_0,Precision_Class_1,Recall_Class_1,F1_Class_1
7,minkowski2,Majority_class,Mutual_classifier,0.6400260925292969,0.6507936507936508,225,0.6666666666666666,0.6105263157894737,0.6373626373626373,0.6372549019607843,0.6914893617021277,0.6632653061224489
