K,Distance,Voting scheme,Weight scheme,Solving Time,Accuracy,Num samples,Precision_Class_0,Recall_Class_0,F1_Class_0,Precision_Class_1,Recall_Class_1,F1_Class_1
7,minkowski2,Majority_class,Mutual_classifier,0.8478991985321045,0.9259259259259259,222,0.925531914893617,0.925531914893617,0.925531914893617,0.9263157894736842,0.9263157894736842,0.9263157894736842
