K,Distance,Voting scheme,Weight scheme,Solving Time,Accuracy,Num samples,Precision_Class_0,Recall_Class_0,F1_Class_0,Precision_Class_1,Recall_Class_1,F1_Class_1
7,HEOM,Inverse_Distance_Weights,Mutual_classifier,0.23331904411315918,0.7248677248677249,213,0.6458333333333334,0.9893617021276596,0.7815126050420168,0.9777777777777777,0.4631578947368421,0.6285714285714286
