K,Distance,Voting scheme,Weight scheme,Solving Time,Accuracy,Num samples,Precision_Class_0,Recall_Class_0,F1_Class_0,Precision_Class_1,Recall_Class_1,F1_Class_1
7,minkowski2,Majority_class,Mutual_classifier,0.5603048801422119,0.6648936170212766,231,0.6476190476190476,0.723404255319149,0.6834170854271356,0.6867469879518072,0.6063829787234043,0.6440677966101694
