K,Distance,Voting scheme,Weight scheme,Solving Time,Accuracy,Num samples,Precision_Class_0,Recall_Class_0,F1_Class_0,Precision_Class_1,Recall_Class_1,F1_Class_1
7,minkowski2,Majority_class,Mutual_classifier,1.2267131805419922,0.925531914893617,313,0.8921568627450981,0.9680851063829787,0.9285714285714286,0.9651162790697675,0.8829787234042553,0.9222222222222223
