K,Distance,Voting scheme,Weight scheme,Solving Time,Accuracy,Num samples,Precision_Class_1,Recall_Class_1,F1_Class_1,Precision_Class_0,Recall_Class_0,F1_Class_0
7,minkowski2,Majority_class,Mutual_classifier,1.0213956832885742,0.9365079365079365,247,0.9770114942528736,0.8947368421052632,0.9340659340659341,0.9019607843137255,0.9787234042553191,0.9387755102040817
