K,Distance,Voting scheme,Weight scheme,Solving Time,Accuracy,Num samples,Precision_Class_0,Recall_Class_0,F1_Class_0,Precision_Class_1,Recall_Class_1,F1_Class_1
7,minkowski2,Majority_class,Mutual_classifier,0.6034443378448486,0.6772486772486772,223,0.7088607594936709,0.5957446808510638,0.6473988439306358,0.6545454545454545,0.7578947368421053,0.7024390243902439
