K,Distance,Voting scheme,Weight scheme,Solving Time,Accuracy,Num samples,Precision_Class_0,Recall_Class_0,F1_Class_0,Precision_Class_1,Recall_Class_1,F1_Class_1
7,minkowski2,Majority_class,Mutual_classifier,0.769883394241333,0.9629629629629629,331,0.9578947368421052,0.9680851063829787,0.9629629629629629,0.9680851063829787,0.9578947368421052,0.9629629629629629
