K,Distance,Voting scheme,Weight scheme,Solving Time,Accuracy,Num samples,Precision_Class_0,Recall_Class_0,F1_Class_0,Precision_Class_1,Recall_Class_1,F1_Class_1
7,minkowski2,Majority_class,Mutual_classifier,3.4393553733825684,0.9576719576719577,1531,0.9578947368421052,0.9578947368421052,0.9578947368421052,0.9574468085106383,0.9574468085106383,0.9574468085106383
