K,Distance,Voting scheme,Weight scheme,Solving Time,Accuracy,Num samples,Precision_Class_0,Recall_Class_0,F1_Class_0,Precision_Class_1,Recall_Class_1,F1_Class_1
7,minkowski1,Majority_class,ANOVA,0.114715576171875,0.9522546419098143,33,0.9622641509433962,0.9889196675900277,0.9754098360655737,0.3333333333333333,0.125,0.18181818181818182
