K,Distance,Voting scheme,Weight scheme,Solving Time,Accuracy,Num samples,Precision_Class_0,Recall_Class_0,F1_Class_0,Precision_Class_1,Recall_Class_1,F1_Class_1
7,minkowski2,Majority_class,Mutual_classifier,0.548729658126831,0.6789473684210526,254,0.6576576576576577,0.7604166666666666,0.7053140096618358,0.7088607594936709,0.5957446808510638,0.6473988439306358
