K,Distance,Voting scheme,Weight scheme,Solving Time,Accuracy,Num samples,Precision_Class_0,Recall_Class_0,F1_Class_0,Precision_Class_1,Recall_Class_1,F1_Class_1
7,minkowski2,Majority_class,Mutual_classifier,0.6798882484436035,0.9365079365079365,323,0.9555555555555556,0.9148936170212766,0.9347826086956522,0.9191919191919192,0.9578947368421052,0.9381443298969072
