K,Distance,Voting scheme,Weight scheme,Solving Time,Accuracy,Num samples,Precision_Class_0,Recall_Class_0,F1_Class_0,Precision_Class_1,Recall_Class_1,F1_Class_1
7,minkowski1,Majority_class,ANOVA,0.12491655349731445,0.9496021220159151,26,0.9540540540540541,0.9943661971830986,0.9737931034482759,0.7142857142857143,0.22727272727272727,0.3448275862068966
