K,Distance,Voting scheme,Weight scheme,Solving Time,Accuracy,Num samples,Precision_Class_0,Recall_Class_0,F1_Class_0,Precision_Class_1,Recall_Class_1,F1_Class_1
7,minkowski1,Majority_class,ANOVA,1.3303413391113281,0.946949602122016,583,0.9568733153638814,0.9888579387186629,0.9726027397260274,0.3333333333333333,0.1111111111111111,0.16666666666666666
