K,Distance,Voting scheme,Weight scheme,Solving Time,Accuracy,Num samples,Precision_Class_0,Recall_Class_0,F1_Class_0,Precision_Class_1,Recall_Class_1,F1_Class_1
7,minkowski1,Majority_class,ANOVA,1.3047146797180176,0.9549071618037135,596,0.9701897018970189,0.9835164835164835,0.9768076398362893,0.25,0.15384615384615385,0.19047619047619047
