K,Distance,Voting scheme,Weight scheme,Solving Time,Accuracy,Num samples,Precision_Class_0,Recall_Class_0,F1_Class_0,Precision_Class_1,Recall_Class_1,F1_Class_1
7,minkowski1,Majority_class,ANOVA,0.13876700401306152,0.9681697612732095,37,0.9705093833780161,0.9972451790633609,0.9836956521739131,0.75,0.21428571428571427,0.3333333333333333
