K,Distance,Voting scheme,Weight scheme,Solving Time,Accuracy,Num samples,Precision_Class_0,Recall_Class_0,F1_Class_0,Precision_Class_1,Recall_Class_1,F1_Class_1
7,minkowski2,Majority_class,Mutual_classifier,0.3845064640045166,0.7340425531914894,130,0.7972972972972973,0.6276595744680851,0.7023809523809523,0.6929824561403509,0.8404255319148937,0.7596153846153846
