K,Distance,Voting scheme,Weight scheme,Solving Time,Accuracy,Num samples,Precision_Class_0,Recall_Class_0,F1_Class_0,Precision_Class_1,Recall_Class_1,F1_Class_1
7,minkowski2,Majority_class,Mutual_classifier,0.28203558921813965,0.675531914893617,144,0.6853932584269663,0.648936170212766,0.6666666666666666,0.6666666666666666,0.7021276595744681,0.6839378238341969
