K,Distance,Voting scheme,Weight scheme,Solving Time,Accuracy,Num samples,Precision_Class_0,Recall_Class_0,F1_Class_0,Precision_Class_1,Recall_Class_1,F1_Class_1
7,HEOM,Inverse_Distance_Weights,Mutual_classifier,0.23673152923583984,0.6666666666666666,225,0.6111111111111112,0.9263157894736842,0.7364016736401674,0.8444444444444444,0.40425531914893614,0.5467625899280576
