K,Distance,Voting scheme,Weight scheme,Solving Time,Accuracy,Num samples,Precision_Class_0,Recall_Class_0,F1_Class_0,Precision_Class_1,Recall_Class_1,F1_Class_1
7,minkowski2,Majority_class,Mutual_classifier,0.659273624420166,0.9574468085106383,240,0.967391304347826,0.9468085106382979,0.956989247311828,0.9479166666666666,0.9680851063829787,0.9578947368421052
