K,Distance,Voting scheme,Weight scheme,Solving Time,Accuracy,Num samples,Precision_Class_0,Recall_Class_0,F1_Class_0,Precision_Class_1,Recall_Class_1,F1_Class_1
7,HEOM,Inverse_Distance_Weights,Mutual_classifier,1.2829606533050537,0.9629629629629629,1521,0.978021978021978,0.9468085106382979,0.9621621621621622,0.9489795918367347,0.9789473684210527,0.9637305699481865
