K,Distance,Voting scheme,Weight scheme,Solving Time,Accuracy,Num samples,Precision_Class_0,Recall_Class_0,F1_Class_0,Precision_Class_1,Recall_Class_1,F1_Class_1
7,HEOM,Inverse_Distance_Weights,Mutual_classifier,0.2197568416595459,0.9206349206349206,241,0.8846153846153846,0.968421052631579,0.9246231155778895,0.9647058823529412,0.8723404255319149,0.9162011173184358
