K,Distance,Voting scheme,Weight scheme,Solving Time,Accuracy,Num samples,Precision_Class_0,Recall_Class_0,F1_Class_0,Precision_Class_1,Recall_Class_1,F1_Class_1
7,minkowski2,Majority_class,Mutual_classifier,0.6039876937866211,0.7037037037037037,241,0.696969696969697,0.7263157894736842,0.711340206185567,0.7111111111111111,0.6808510638297872,0.6956521739130435
