K,Distance,Voting scheme,Weight scheme,Solving Time,Accuracy,Num samples,Precision_Class_0,Recall_Class_0,F1_Class_0,Precision_Class_1,Recall_Class_1,F1_Class_1
7,minkowski2,Majority_class,Mutual_classifier,0.7678730487823486,0.9153439153439153,348,0.9333333333333333,0.8936170212765957,0.9130434782608695,0.898989898989899,0.9368421052631579,0.9175257731958762
