K,Distance,Voting scheme,Weight scheme,Solving Time,Accuracy,Num samples,Precision_Class_0,Recall_Class_0,F1_Class_0,Precision_Class_1,Recall_Class_1,F1_Class_1
7,minkowski2,Majority_class,Mutual_classifier,0.7293717861175537,0.6968085106382979,222,0.6868686868686869,0.723404255319149,0.7046632124352331,0.7078651685393258,0.6702127659574468,0.6885245901639344
