K,Distance,Voting scheme,Weight scheme,Solving Time,Accuracy,Num samples,Precision_Class_0,Recall_Class_0,F1_Class_0,Precision_Class_1,Recall_Class_1,F1_Class_1
7,HEOM,Inverse_Distance_Weights,Mutual_classifier,1.3371045589447021,0.9629629629629629,1531,0.9583333333333334,0.968421052631579,0.9633507853403142,0.967741935483871,0.9574468085106383,0.9625668449197861
