K,Distance,Voting scheme,Weight scheme,Solving Time,Accuracy,Num samples,Precision_Class_0,Recall_Class_0,F1_Class_0,Precision_Class_1,Recall_Class_1,F1_Class_1
7,minkowski2,Majority_class,Mutual_classifier,0.6568057537078857,0.9202127659574468,313,0.883495145631068,0.9680851063829787,0.9238578680203046,0.9647058823529412,0.8723404255319149,0.9162011173184358
