K,Distance,Voting scheme,Weight scheme,Solving Time,Accuracy,Num samples,Precision_Class_0,Recall_Class_0,F1_Class_0,Precision_Class_1,Recall_Class_1,F1_Class_1
7,minkowski2,Majority_class,Mutual_classifier,0.21300101280212402,0.7287234042553191,122,0.7263157894736842,0.7340425531914894,0.7301587301587301,0.7311827956989247,0.723404255319149,0.7272727272727273
