K,Distance,Voting scheme,Weight scheme,Solving Time,Accuracy,Num samples,Precision_Class_0,Recall_Class_0,F1_Class_0,Precision_Class_1,Recall_Class_1,F1_Class_1
7,HEOM,Inverse_Distance_Weights,Mutual_classifier,1.3111944198608398,0.9736842105263158,1525,0.989247311827957,0.9583333333333334,0.9735449735449735,0.9587628865979382,0.9893617021276596,0.9738219895287958
