K,Distance,Voting scheme,Weight scheme,Solving Time,Accuracy,Num samples,Precision_Class_0,Recall_Class_0,F1_Class_0,Precision_Class_1,Recall_Class_1,F1_Class_1
7,minkowski2,Majority_class,Mutual_classifier,3.5228617191314697,0.973404255319149,1545,0.989010989010989,0.9574468085106383,0.972972972972973,0.9587628865979382,0.9893617021276596,0.9738219895287958
