K,Distance,Voting scheme,Weight scheme,Solving Time,Accuracy,Num samples,Precision_Class_0,Recall_Class_0,F1_Class_0,Precision_Class_1,Recall_Class_1,F1_Class_1
7,minkowski1,Majority_class,ANOVA,1.334911584854126,0.946949602122016,582,0.9539295392953929,0.9915492957746479,0.9723756906077348,0.625,0.22727272727272727,0.3333333333333333
