K,Distance,Voting scheme,Weight scheme,Solving Time,Accuracy,Num samples,Precision_Class_0,Recall_Class_0,F1_Class_0,Precision_Class_1,Recall_Class_1,F1_Class_1
7,minkowski2,Majority_class,Mutual_classifier,0.6536252498626709,0.8457446808510638,231,0.8155339805825242,0.8936170212765957,0.8527918781725888,0.8823529411764706,0.7978723404255319,0.8379888268156425
