K,Distance,Voting scheme,Weight scheme,Solving Time,Accuracy,Num samples,Precision_Class_0,Recall_Class_0,F1_Class_0,Precision_Class_1,Recall_Class_1,F1_Class_1
7,minkowski2,Majority_class,Mutual_classifier,0.5568637847900391,0.5684210526315789,227,0.5686274509803921,0.6041666666666666,0.5858585858585859,0.5681818181818182,0.5319148936170213,0.5494505494505495
