K,Distance,Voting scheme,Weight scheme,Solving Time,Accuracy,Num samples,Precision_Class_1,Recall_Class_1,F1_Class_1,Precision_Class_0,Recall_Class_0,F1_Class_0
7,minkowski2,Majority_class,Mutual_classifier,0.8839893341064453,0.671957671957672,237,0.6774193548387096,0.6631578947368421,0.6702127659574468,0.6666666666666666,0.6808510638297872,0.6736842105263158
