K,Distance,Voting scheme,Weight scheme,Solving Time,Accuracy,Num samples,Precision_Class_0,Recall_Class_0,F1_Class_0,Precision_Class_1,Recall_Class_1,F1_Class_1
7,minkowski2,Majority_class,Mutual_classifier,3.80574893951416,0.9521276595744681,1540,0.9381443298969072,0.9680851063829787,0.9528795811518325,0.967032967032967,0.9361702127659575,0.9513513513513514
