K,Distance,Voting scheme,Weight scheme,Solving Time,Accuracy,Num samples,Precision_Class_0,Recall_Class_0,F1_Class_0,Precision_Class_1,Recall_Class_1,F1_Class_1
7,minkowski2,Majority_class,Mutual_classifier,0.410872220993042,0.7301587301587301,149,0.7115384615384616,0.7789473684210526,0.7437185929648241,0.7529411764705882,0.6808510638297872,0.7150837988826816
