K,Distance,Voting scheme,Weight scheme,Solving Time,Accuracy,Num samples,Precision_Class_1,Recall_Class_1,F1_Class_1,Precision_Class_0,Recall_Class_0,F1_Class_0
7,HEOM,Inverse_Distance_Weights,Mutual_classifier,0.21607422828674316,0.8624338624338624,233,0.8541666666666666,0.8723404255319149,0.8631578947368421,0.8709677419354839,0.8526315789473684,0.8617021276595744
