K,Distance,Voting scheme,Weight scheme,Solving Time,Accuracy,Num samples,Precision_Class_0,Recall_Class_0,F1_Class_0,Precision_Class_1,Recall_Class_1,F1_Class_1
7,minkowski2,Majority_class,Mutual_classifier,0.7925765514373779,0.5957446808510638,234,0.6046511627906976,0.5531914893617021,0.5777777777777777,0.5882352941176471,0.6382978723404256,0.6122448979591837
