K,Distance,Voting scheme,Weight scheme,Solving Time,Accuracy,Num samples,Precision_Class_0,Recall_Class_0,F1_Class_0,Precision_Class_1,Recall_Class_1,F1_Class_1
7,minkowski2,Majority_class,Mutual_classifier,1.3123369216918945,0.9523809523809523,331,0.9381443298969072,0.9680851063829787,0.9528795811518325,0.967391304347826,0.9368421052631579,0.9518716577540107
