K,Distance,Voting scheme,Weight scheme,Solving Time,Accuracy,Num samples,Precision_Class_0,Recall_Class_0,F1_Class_0,Precision_Class_1,Recall_Class_1,F1_Class_1
7,minkowski2,Majority_class,Mutual_classifier,4.052396297454834,0.9576719576719577,1549,0.9484536082474226,0.968421052631579,0.9583333333333334,0.967391304347826,0.9468085106382979,0.956989247311828
