K,Distance,Voting scheme,Weight scheme,Solving Time,Accuracy,Num samples,Precision_Class_0,Recall_Class_0,F1_Class_0,Precision_Class_1,Recall_Class_1,F1_Class_1
7,minkowski2,Majority_class,Mutual_classifier,0.3221602439880371,0.7142857142857143,130,0.6851851851851852,0.7872340425531915,0.7326732673267327,0.7530864197530864,0.6421052631578947,0.6931818181818182
