K,Distance,Voting scheme,Weight scheme,Solving Time,Accuracy,Num samples,Precision_Class_0,Recall_Class_0,F1_Class_0,Precision_Class_1,Recall_Class_1,F1_Class_1
7,minkowski2,Majority_class,Mutual_classifier,8.59981894493103,0.9468085106382979,1530,0.9285714285714286,0.9680851063829787,0.9479166666666666,0.9666666666666667,0.925531914893617,0.9456521739130435
