K,Distance,Voting scheme,Weight scheme,Solving Time,Accuracy,Num samples,Precision_Class_0,Recall_Class_0,F1_Class_0,Precision_Class_1,Recall_Class_1,F1_Class_1
7,HEOM,Inverse_Distance_Weights,Mutual_classifier,1.421004056930542,0.9414893617021277,1530,0.9108910891089109,0.9787234042553191,0.9435897435897436,0.9770114942528736,0.9042553191489362,0.9392265193370166
