K,Distance,Voting scheme,Weight scheme,Solving Time,Accuracy,Num samples,Precision_Class_0,Recall_Class_0,F1_Class_0,Precision_Class_1,Recall_Class_1,F1_Class_1
7,HEOM,Inverse_Distance_Weights,Mutual_classifier,1.366337776184082,0.9576719576719577,1539,0.9574468085106383,0.9574468085106383,0.9574468085106383,0.9578947368421052,0.9578947368421052,0.9578947368421052
