age,on_thyroxine,query_on_thyroxine,on_antithyroid_medication,pregnant,thyroid_surgery,I131_treatment,query_hypothyroid,query_hyperthyroid,lithium,goitre,tumor,hypopituitary,psych,TSH_measured,TSH,T3_measured,T3,TT4_measured,TT4,T4U_measured,T4U,FTI_measured,FTI,Class,sex_b'?',sex_b'F',sex_b'M',referral_source_b'STMW',referral_source_b'SVHC',referral_source_b'SVHD',referral_source_b'SVI',referral_source_b'other',sick
0.1541850220264317,0.0,0.0,0.0,0.0,0.0,0.0,0.0,0.0,0.0,0.0,0.0,0.0,0.0,1.0,0.0046865176468047,1.0,0.2037914691943128,1.0,0.380841121495327,1.0,0.3091787439613527,1.0,0.4681933842239186,1.0,0.0,1.0,0.0,0.0,0.0,0.0,1.0,0.0,0
0.0638766519823788,0.0,0.0,0.0,0.0,0.0,0.0,0.0,0.0,0.0,0.0,0.0,0.0,0.0,1.0,0.0069025822325943,1.0,0.3270142180094787,1.0,0.2757009345794392,1.0,0.4685990338164252,1.0,0.2442748091603053,0.0,0.0,1.0,0.0,0.0,0.0,0.0,0.0,1.0,0
0.1585903083700441,0.0,0.0,0.0,0.0,0.0,0.0,0.0,0.0,0.0,0.0,0.0,0.0,0.0,1.0,0.0046959077509817,1.0,0.2132701421800948,1.0,0.2803738317757009,1.0,0.2946859903381642,1.0,0.356234096692112,0.0,0.0,1.0,0.0,0.0,0.0,0.0,0.0,1.0,0
0.0330396475770925,0.0,0.0,0.0,0.0,0.0,0.0,0.0,0.0,0.0,0.0,0.0,0.0,0.0,1.0,0.0054001655642623,1.0,0.1563981042654028,1.0,0.2009345794392523,1.0,0.3091787439613527,1.0,0.2468193384223919,0.0,0.0,0.0,1.0,0.0,0.0,0.0,1.0,0.0,0
0.066079295154185,0.0,0.0,0.0,0.0,0.0,0.0,0.0,0.0,0.0,0.0,0.0,0.0,0.0,1.0,0.0061513738984283,1.0,0.2417061611374407,1.0,0.2593457943925233,1.0,0.318840579710145,1.0,0.3078880407124682,0.0,0.0,0.0,1.0,0.0,0.0,0.0,0.0,1.0,0
0.0991189427312775,0.0,0.0,0.0,0.0,0.0,0.0,0.0,0.0,0.0,0.0,0.0,0.0,0.0,1.0,0.0046771275426276,1.0,0.1848341232227488,1.0,0.2126168224299065,1.0,0.3478260869565217,1.0,0.2391857506361323,0.0,0.0,1.0,0.0,0.0,0.0,0.0,0.0,1.0,0
0.1365638766519824,1.0,0.0,0.0,0.0,0.0,0.0,0.0,0.0,0.0,0.0,0.0,0.0,0.0,1.0,0.0046865176468047,0.0,0.1877319308899265,1.0,0.3831775700934579,1.0,0.3478260869565217,1.0,0.4274809160305344,0.0,0.0,1.0,0.0,0.0,0.0,0.0,0.0,1.0,0
0.1233480176211453,0.0,0.0,0.0,0.0,0.0,0.0,0.0,0.0,0.0,0.0,0.0,0.0,0.0,1.0,0.0072781863996773,1.0,0.2132701421800948,1.0,0.1588785046728972,1.0,0.357487922705314,1.0,0.1755725190839694,0.0,0.0,1.0,0.0,0.0,1.0,0.0,0.0,0.0,0
